Incident energy;MT=2 : (z,elastic);MT=102 : (z,γ)
Incident energy;;
Incident energy;σ(E);σ(E)
1.0E-5;78.26556;0.1942569
1.0625E-5;75.93616;0.1884568
1.125E-5;73.80389;0.1831471
1.1875E-5;71.84244;0.1782623
1.25E-5;70.03018;0.1737486
1.375E-5;66.78419;0.1656628
1.5E-5;63.95347;0.1586101
1.625E-5;61.4565;0.1523876
1.75E-5;59.23251;0.1468444
1.875E-5;57.2352;0.1418651
2.0E-5;55.42855;0.1373603
2.1875E-5;53.01532;0.1313416
2.375E-5;50.89445;0.1260505
2.5625E-5;49.0114;0.1213513
2.75E-5;47.32487;0.1171413
2.9375E-5;45.80296;0.1133411
3.125E-5;44.42056;0.1098883
3.3125E-5;43.15764;0.1067329
3.5E-5;41.99795;0.1038346
3.75E-5;40.58963;0.1003138
4.0E-5;39.31601;0.09712842
4.25E-5;38.15692;0.09422841
4.625E-5;36.59858;0.09032759
5.0E-5;35.21983;0.08687429
5.3125E-5;34.18478;0.08428044
5.625E-5;33.23768;0.08190587
5.9375E-5;32.3668;0.07972132
6.25E-5;31.56247;0.07770273
6.875E-5;30.12264;0.07408664
7.5E-5;28.86799;0.07093256
8.0E-5;27.9728;0.06868015
8.75E-5;26.77792;0.06567078
9.375E-5;25.89472;0.06344401
1.0E-4;25.09643;0.0614294
1.0625E-4;24.37037;0.05959527
1.125E-4;23.70633;0.05791619
1.1875E-4;23.09601;0.05637148
1.25E-4;22.53261;0.05494412
1.375E-4;21.52477;0.05238716
1.5E-4;20.6474;0.05015689
1.625E-4;19.8748;0.04818918
1.75E-4;19.18785;0.04643625
1.875E-4;18.57198;0.04486168
2.0E-4;18.01585;0.04343713
2.1875E-4;17.27459;0.04153384
2.375E-4;16.6248;0.03986064
2.5625E-4;16.04935;0.03837463
2.75E-4;15.53528;0.03704331
2.9375E-4;15.07255;0.03584158
3.125E-4;14.65332;0.0347497
3.3125E-4;14.27128;0.03375189
3.5E-4;13.92136;0.03283538
3.75E-4;13.49766;0.03172199
4.0E-4;13.11575;0.03071468
4.25E-4;12.76936;0.02979761
4.625E-4;12.30556;0.02856407
5.0E-4;11.89725;0.02747204
5.3125E-4;11.5921;0.02665179
5.625E-4;11.31403;0.02590088
5.9375E-4;11.05938;0.02521007
6.25E-4;10.82514;0.02457173
6.875E-4;10.40833;0.02342823
7.5E-4;10.04802;0.02243081
8.0E-4;9.79278;0.02171854
8.75E-4;9.454742;0.02076689
9.375E-4;9.207022;0.02006272
0.001;8.984848;0.01942565
0.0010625;8.784315;0.01884564
0.001125;8.602298;0.01831467
0.0011875;8.436263;0.01782619
0.00125;8.284128;0.01737482
0.001375;8.014937;0.01656623
0.0015;7.783971;0.01586096
0.001625;7.583467;0.01523871
0.00175;7.407673;0.01468439
0.001875;7.252219;0.01418646
0.002;7.113728;0.01373598
0.0021875;6.932132;0.0131341
0.002375;6.775997;0.01260499
0.0025625;6.640304;0.01213507
0.00275;6.521281;0.01171407
0.0029375;6.416041;0.01133405
0.003125;6.322328;0.01098876
0.0033125;6.238358;0.01067323
0.0035;6.162697;0.0103834
0.00375;6.072758;0.01003131
0.004;5.993336;0.009712773
0.00425;5.922709;0.009422771
0.004625;5.830339;0.009032688
0.005;5.751192;0.008687357
0.0053125;5.693426;0.008427972
0.005625;5.64185;0.008190514
0.0059375;5.595531;0.007972058
0.00625;5.553714;0.007770199
0.006875;5.48122;0.007408591
0.0075;5.420582;0.007093183
0.008;5.378791;0.006867943
0.00875;5.324955;0.006567008
0.009375;5.286613;0.006344331
0.01;5.253031;0.006142871
0.010625;5.223379;0.00595946
0.01125;5.197008;0.005791554
0.011875;5.173405;0.005637085
0.0125;5.152156;0.005494351
0.01375;5.115444;0.005238659
0.015;5.084844;0.005015636
0.01625;5.058948;0.004818868
0.0175;5.036751;0.004643579
0.01875;5.017513;0.004486125
0.02;5.000679;0.004343672
0.021325;4.984989;0.004206565
0.02265;4.971136;0.004081672
0.023975;4.958813;0.003967282
0.0253;4.947781;0.003861999
0.02722969;4.933635;0.003722641
0.02915938;4.921361;0.003597356
0.03108907;4.910611;0.003483925
0.03301875;4.901118;0.003380589
0.03494844;4.892673;0.003285934
0.03687813;4.885111;0.003198809
0.0407375;4.872137;0.003043515
0.04305313;4.86547;0.002960534
0.04536875;4.859482;0.00288399
0.05;4.849172;0.002747178
0.0506;4.847974;0.002730841
0.0520875;4.845124;0.002691565
0.053575;4.842432;0.002653936
0.05655;4.837473;0.002583184
0.0625;4.828971;0.002457153
0.06875;4.821625;0.002342809
0.075;4.815504;0.002243076
0.08125;4.810324;0.002155085
0.0875;4.805884;0.002076696
0.09375;4.802036;0.002006281
0.1;4.798669;0.001942574
0.10625;4.795699;0.001884574
0.1125;4.793058;0.001831478
0.11875;4.790695;0.001782634
0.125;4.788569;0.001737503
0.1375;4.784896;0.001656657
0.15;4.781835;0.001586137
0.1625;4.779245;0.001523917
0.175;4.777025;0.001468489
0.1875;4.775102;0.001418697
0.2;4.773418;0.001373642
0.21875;4.771254;0.001313435
0.2375;4.769431;0.001260517
0.25625;4.767875;0.001213541
0.275;4.766531;0.00117146
0.29375;4.765358;0.00113346
0.3125;4.764327;0.001098921
0.33125;4.763412;0.001067364
0.35;4.762595;0.00103839
0.375;4.761633;0.001003197
0.4;4.760792;9.713434E-4
0.425;4.760049;9.423221E-4
0.5;4.758266;8.687492E-4
0.625;4.756245;7.770544E-4
0.75;4.754899;7.093607E-4
0.8;4.754478;6.868163E-4
0.875;4.753936;6.567335E-4
1.0;4.753214;6.143568E-4
1.25;4.752203;5.49455E-4
1.5;4.751529;5.016742E-4
1.75;4.751048;4.644685E-4
2.0;4.750686;4.345085E-4
2.375;4.750286;3.986903E-4
2.75;4.749995;3.706284E-4
3.125;4.749773;3.476064E-4
3.5;4.749599;3.285057E-4
4.0;4.749416;3.073018E-4
4.25;4.749341;2.981355E-4
5.0;4.749161;2.748228E-4
6.25;4.748955;2.458463E-4
7.5;4.748816;2.244654E-4
8.0;4.748772;2.173057E-4
8.75;4.748715;2.078298E-4
10.0;4.748639;1.94395E-4
12.5;4.74853;1.739568E-4
15.0;4.748454;1.589051E-4
17.5;4.748398;1.472162E-4
20.0;4.748353;1.377212E-4
23.75;4.7483;1.264368E-4
27.5;4.748259;1.176119E-4
31.25;4.748224;1.103267E-4
35.0;4.748194;1.043109E-4
40.0;4.748159;9.757225E-5
42.5;4.748143;9.470697E-5
50.0;4.7481;8.732267E-5
62.5;4.748038;7.817039E-5
75.0;4.747981;7.140473E-5
80.0;4.747961;6.912626E-5
87.5;4.74793;6.614567E-5
100.0;4.74788;6.187295E-5
125.0;4.747786;5.568217E-5
150.0;4.747695;5.110038E-5
175.0;4.747606;4.752713E-5
200.0;4.747518;4.460049E-5
237.5;4.747387;4.112805E-5
275.0;4.747257;3.839991E-5
312.5;4.747129;3.613709E-5
350.0;4.747;3.426324E-5
400.0;4.746831;3.215232E-5
425.0;4.746745;3.126003E-5
500.0;4.74649;2.893885E-5
625.0;4.746066;2.60519E-5
750.0;4.745644;2.390561E-5
800.0;4.745474;2.317844E-5
875.0;4.745221;2.223025E-5
1000.0;4.744798;2.086207E-5
1250.0;4.743954;1.906549E-5
1500.0;4.743111;1.771947E-5
1750.0;4.742268;1.665365E-5
2000.0;4.741425;1.577129E-5
2181.015;4.740815;1.535594E-5
2187.5;4.740793;1.534231E-5
2205.079;4.740734;1.530612E-5
2222.657;4.740675;1.526994E-5
2257.813;4.740557;1.519757E-5
2328.125;4.740321;1.505284E-5
2468.75;4.739848;1.479386E-5
2750.0;4.738902;1.43049E-5
3500.0;4.736379;1.328375E-5
4000.0;4.734697;1.274485E-5
4250.0;4.733856;1.251717E-5
5000.0;4.731334;1.190083E-5
6250.0;4.727149;1.150029E-5
7500.0;4.722963;1.118597E-5
8750.0;4.718778;1.092098E-5
10000.0;4.714592;1.06905E-5
12500.0;4.706289;1.07075E-5
15000.0;4.697987;1.0725E-5
17500.0;4.689684;1.07425E-5
20000.0;4.681382;1.076033E-5
23750.0;4.669198;1.111916E-5
23784.14;4.669087;1.112239E-5
27085.11;4.658362;1.14022E-5
27500.0;4.657014;1.143305E-5
28437.5;4.653968;1.150267E-5
29375.0;4.650922;1.15723E-5
31250.0;4.64483;1.171154E-5
35000.0;4.632647;1.196745E-5
38750.0;4.620463;1.220532E-5
40000.0;4.616401;1.228456E-5
42500.0;4.608279;1.241846E-5
50000.0;4.583912;1.282014E-5
62500.0;4.545015;1.376745E-5
67712.78;4.528794;1.413273E-5
68750.0;4.525567;1.420007E-5
74645.39;4.507222;1.458259E-5
75000.0;4.506119;1.460381E-5
76424.7;4.501686;1.468889E-5
77849.39;4.497252;1.477397E-5
80698.78;4.488385;1.494412E-5
86397.56;4.470653;1.528439E-5
87500.0;4.467222;1.534405E-5
100000.0;4.428327;1.601999E-5
125000.0;4.354562;1.7335E-5
150000.0;4.280799;1.864992E-5
175000.0;4.210781;1.976E-5
200000.0;4.140766;2.086994E-5
225000.0;4.074241;2.1845E-5
250000.0;4.00772;2.281992E-5
275000.0;3.944455;2.364982E-5
300000.0;3.881194;2.44796E-5
325000.0;3.820977;2.524734E-5
350000.0;3.760764;2.601499E-5
400000.0;3.646039;2.742647E-5
450000.0;3.536661;2.86203E-5
500000.0;3.432303;2.971253E-5
550000.0;3.33266;3.065738E-5
600000.0;3.237455;3.160213E-5
650000.0;3.14643;3.242378E-5
700000.0;3.059347;3.324534E-5
750000.0;2.975988;3.39884E-5
800000.0;2.896148;3.47314E-5
850000.0;2.81964;3.542556E-5
900000.0;2.746288;3.61197E-5
950000.0;2.675935;3.681267E-5
1000000.0;2.60843;3.75056E-5
1100000.0;2.48142;3.873371E-5
1200000.0;2.364277;3.996172E-5
1300000.0;2.256166;4.101289E-5
1400000.0;2.156393;4.206397E-5
1500000.0;2.064385;4.29992E-5
1600000.0;1.97969;4.393435E-5
1700000.0;1.901959;4.477736E-5
1800000.0;1.830914;4.56203E-5
1900000.0;1.766248;4.638282E-5
2000000.0;1.709164;4.714526E-5
2010000.0;1.704926;4.720934E-5
2020000.0;1.701973;4.727338E-5
2030000.0;1.701763;4.733742E-5
2040000.0;1.708258;4.740146E-5
2050000.0;1.734766;4.74655E-5
2055000.0;1.769594;4.749752E-5
2060000.0;1.845246;4.752954E-5
2064000.0;1.981413;4.755516E-5
2066000.0;2.108019;4.756797E-5
2068000.0;2.314719;4.758078E-5
2070000.0;2.67124;4.759359E-5
2071000.0;2.944794;4.759999E-5
2072000.0;3.313783;4.760639E-5
2073000.0;3.805401;4.76128E-5
2074000.0;4.431504;4.76192E-5
2075000.0;5.14519;4.762561E-5
2076000.0;5.781755;4.763201E-5
2076200.0;5.876891;4.763329E-5
2076400.0;5.956192;4.763457E-5
2076600.0;6.017883;4.763585E-5
2076800.0;6.06059;4.763713E-5
2077000.0;6.083418;4.763841E-5
2077200.0;6.086012;4.763969E-5
2077400.0;6.068566;4.764098E-5
2077600.0;6.031811;4.764226E-5
2077800.0;5.976959;4.764354E-5
2078000.0;5.90562;4.764482E-5
2079000.0;5.372967;4.765122E-5
2080000.0;4.729167;4.765763E-5
2082000.0;3.656521;4.767043E-5
2084000.0;2.994315;4.768324E-5
2086000.0;2.601853;4.769605E-5
2088000.0;2.359633;4.770886E-5
2090000.0;2.201975;4.772167E-5
2095000.0;1.986849;4.775369E-5
2100000.0;1.883359;4.778571E-5
2110000.0;1.787925;4.784975E-5
2120000.0;1.744267;4.791379E-5
2130000.0;1.71912;4.797783E-5
2140000.0;1.70238;4.804187E-5
2150000.0;1.690092;4.810591E-5
2160000.0;1.680433;4.816995E-5
2180000.0;1.665645;4.829803E-5
2200000.0;1.654325;4.842612E-5
2220000.0;1.645066;4.85542E-5
2240000.0;1.63723;4.868228E-5
2260000.0;1.630502;4.881036E-5
2280000.0;1.624715;4.893844E-5
2300000.0;1.619783;4.906652E-5
2320000.0;1.615663;4.919461E-5
2340000.0;1.612341;4.932269E-5
2360000.0;1.609826;4.945077E-5
2380000.0;1.608136;4.957885E-5
2400000.0;1.607307;4.970693E-5
2420000.0;1.60738;4.983501E-5
2440000.0;1.60841;4.99631E-5
2460000.0;1.610462;5.009118E-5
2480000.0;1.61361;5.021926E-5
2500000.0;1.617943;5.034734E-5
2520000.0;1.623563;5.046331E-5
2540000.0;1.630589;5.057928E-5
2560000.0;1.639162;5.069525E-5
2580000.0;1.649444;5.081122E-5
2600000.0;1.661631;5.092719E-5
2620000.0;1.675954;5.104316E-5
2640000.0;1.692695;5.115913E-5
2660000.0;1.712199;5.12751E-5
2680000.0;1.734895;5.139107E-5
2700000.0;1.76133;5.150704E-5
2720000.0;1.792213;5.162301E-5
2740000.0;1.828502;5.173898E-5
2760000.0;1.871566;5.185496E-5
2780000.0;1.923749;5.197093E-5
2800000.0;1.994268;5.20869E-5
2802000.0;2.004517;5.209849E-5
2804000.0;2.01669;5.211009E-5
2806000.0;2.032282;5.212169E-5
2808000.0;2.054727;5.213328E-5
2810000.0;2.093414;5.214488E-5
2812000.0;2.181858;5.215648E-5
2813000.0;2.284067;5.216228E-5
2814000.0;2.510253;5.216808E-5
2814500.0;2.738669;5.217097E-5
2815000.0;3.140644;5.217387E-5
2815500.0;3.857434;5.217677E-5
2816000.0;4.88172;5.217967E-5
2816500.0;5.252998;5.218257E-5
2817000.0;4.385144;5.218547E-5
2817500.0;3.479561;5.218837E-5
2818000.0;2.940223;5.219127E-5
2819000.0;2.465971;5.219707E-5
2820000.0;2.289343;5.220287E-5
2822000.0;2.168338;5.221446E-5
2824000.0;2.132553;5.222606E-5
2826000.0;2.121215;5.223766E-5
2828000.0;2.119481;5.224925E-5
2830000.0;2.122349;5.226085E-5
2835000.0;2.138663;5.228984E-5
2840000.0;2.161153;5.231884E-5
2845000.0;2.187096;5.234783E-5
2850000.0;2.215737;5.237682E-5
2855000.0;2.246901;5.240581E-5
2860000.0;2.280635;5.243481E-5
2865000.0;2.317097;5.24638E-5
2870000.0;2.356516;5.249279E-5
2875000.0;2.399168;5.252179E-5
2880000.0;2.445374;5.255078E-5
2885000.0;2.495485;5.257977E-5
2890000.0;2.549872;5.260876E-5
2895000.0;2.608903;5.263776E-5
2900000.0;2.672906;5.266675E-5
2905000.0;2.742094;5.269574E-5
2910000.0;2.816453;5.272473E-5
2915000.0;2.895546;5.275373E-5
2920000.0;2.978192;5.278272E-5
2925000.0;3.061975;5.281171E-5
2930000.0;3.14252;5.28407E-5
2935000.0;3.212524;5.28697E-5
2940000.0;3.260745;5.289869E-5
2941000.0;3.266469;5.290449E-5
2943000.0;3.272869;5.291608E-5
2945000.0;3.271517;5.292768E-5
2947000.0;3.26116;5.293928E-5
2950000.0;3.226082;5.295667E-5
2955000.0;3.107355;5.298567E-5
2960000.0;2.908461;5.301466E-5
2965000.0;2.641162;5.304365E-5
2970000.0;2.336609;5.307264E-5
2975000.0;2.034646;5.310164E-5
2980000.0;1.768531;5.313063E-5
2985000.0;1.5559;5.315962E-5
2990000.0;1.399408;5.318861E-5
2995000.0;1.29253;5.321761E-5
3000000.0;1.225292;5.32466E-5
3005000.0;1.187799;5.327498E-5
3010000.0;1.171745;5.330336E-5
3015000.0;1.170726;5.333174E-5
3020000.0;1.180033;5.336012E-5
3025000.0;1.1963;5.33885E-5
3030000.0;1.217157;5.341688E-5
3035000.0;1.240957;5.344526E-5
3040000.0;1.266558;5.347364E-5
3045000.0;1.293176;5.350203E-5
3050000.0;1.320277;5.353041E-5
3060000.0;1.374604;5.358717E-5
3070000.0;1.42789;5.364393E-5
3080000.0;1.479485;5.370069E-5
3090000.0;1.529217;5.375745E-5
3100000.0;1.577135;5.381421E-5
3110000.0;1.623384;5.387097E-5
3120000.0;1.668139;5.392773E-5
3130000.0;1.711573;5.39845E-5
3140000.0;1.753849;5.404126E-5
3150000.0;1.795104;5.409802E-5
3160000.0;1.835459;5.415478E-5
3170000.0;1.875008;5.421154E-5
3180000.0;1.913828;5.42683E-5
3190000.0;1.951977;5.432506E-5
3200000.0;1.989493;5.438182E-5
3210000.0;2.026403;5.443859E-5
3220000.0;2.062717;5.449535E-5
3230000.0;2.098436;5.455211E-5
3240000.0;2.133546;5.460887E-5
3250000.0;2.168028;5.466563E-5
3260000.0;2.201852;5.472239E-5
3270000.0;2.234981;5.477915E-5
3280000.0;2.267372;5.483591E-5
3290000.0;2.298978;5.489267E-5
3300000.0;2.329746;5.494944E-5
3310000.0;2.35962;5.50062E-5
3320000.0;2.388544;5.506296E-5
3330000.0;2.416458;5.511972E-5
3340000.0;2.443303;5.517648E-5
3350000.0;2.46902;5.523324E-5
3360000.0;2.493551;5.529E-5
3370000.0;2.51684;5.534676E-5
3380000.0;2.538834;5.540353E-5
3390000.0;2.559486;5.546029E-5
3400000.0;2.578748;5.551705E-5
3410000.0;2.596581;5.557381E-5
3420000.0;2.612951;5.563057E-5
3430000.0;2.627826;5.568733E-5
3440000.0;2.641185;5.574409E-5
3450000.0;2.653011;5.580085E-5
3460000.0;2.663291;5.585762E-5
3470000.0;2.672023;5.591438E-5
3480000.0;2.679208;5.597114E-5
3490000.0;2.684855;5.60279E-5
3500000.0;2.688979;5.608466E-5
3510000.0;2.6916;5.613686E-5
3520000.0;2.692745;5.618906E-5
3530000.0;2.692446;5.624126E-5
3540000.0;2.690738;5.629346E-5
3550000.0;2.687662;5.634566E-5
3560000.0;2.683263;5.639786E-5
3570000.0;2.677589;5.645007E-5
3580000.0;2.670691;5.650227E-5
3590000.0;2.662623;5.655447E-5
3600000.0;2.653439;5.660667E-5
3610000.0;2.643196;5.665887E-5
3620000.0;2.631952;5.671107E-5
3630000.0;2.619765;5.676327E-5
3640000.0;2.606693;5.681547E-5
3650000.0;2.592796;5.686767E-5
3660000.0;2.578129;5.691987E-5
3670000.0;2.562749;5.697207E-5
3680000.0;2.546713;5.702427E-5
3690000.0;2.530074;5.707648E-5
3700000.0;2.512885;5.712868E-5
3710000.0;2.495196;5.718088E-5
3720000.0;2.477057;5.723308E-5
3730000.0;2.458514;5.728528E-5
3740000.0;2.439612;5.733748E-5
3750000.0;2.420395;5.738968E-5
3760000.0;2.400901;5.744188E-5
3770000.0;2.381171;5.749408E-5
3780000.0;2.361241;5.754628E-5
3790000.0;2.341145;5.759848E-5
3800000.0;2.320915;5.765068E-5
3810000.0;2.300583;5.770288E-5
3820000.0;2.280178;5.775509E-5
3830000.0;2.259726;5.780729E-5
3840000.0;2.239253;5.785949E-5
3850000.0;2.218785;5.791169E-5
3860000.0;2.198345;5.796389E-5
3870000.0;2.177955;5.801609E-5
3880000.0;2.157637;5.806829E-5
3890000.0;2.137414;5.812049E-5
3900000.0;2.117307;5.817269E-5
3910000.0;2.097339;5.822489E-5
3920000.0;2.077532;5.827709E-5
3930000.0;2.057912;5.832929E-5
3940000.0;2.038505;5.83815E-5
3950000.0;2.019342;5.84337E-5
3960000.0;2.000456;5.84859E-5
3970000.0;1.981887;5.85381E-5
3980000.0;1.963679;5.85903E-5
3990000.0;1.945888;5.86425E-5
4000000.0;1.928577;5.86947E-5
4010000.0;1.911826;5.873612E-5
4020000.0;1.895727;5.877753E-5
4030000.0;1.880397;5.881895E-5
4040000.0;1.865977;5.886036E-5
4050000.0;1.852638;5.890178E-5
4060000.0;1.840593;5.894319E-5
4070000.0;1.830099;5.898461E-5
4080000.0;1.821473;5.902602E-5
4090000.0;1.815095;5.906744E-5
4100000.0;1.811424;5.910885E-5
4110000.0;1.811003;5.915027E-5
4120000.0;1.814458;5.919168E-5
4130000.0;1.822492;5.92331E-5
4140000.0;1.835851;5.927451E-5
4150000.0;1.855264;5.931593E-5
4160000.0;1.881335;5.935734E-5
4170000.0;1.914385;5.939876E-5
4180000.0;1.954236;5.944017E-5
4190000.0;1.999989;5.948159E-5
4200000.0;2.049835;5.9523E-5
4210000.0;2.101041;5.956442E-5
4220000.0;2.150165;5.960583E-5
4230000.0;2.193559;5.964725E-5
4240000.0;2.228016;5.968866E-5
4250000.0;2.251364;5.973008E-5
4260000.0;2.262771;5.977149E-5
4270000.0;2.262697;5.981291E-5
4280000.0;2.252562;5.985432E-5
4290000.0;2.234302;5.989574E-5
4300000.0;2.209971;5.993715E-5
4310000.0;2.181465;5.997857E-5
4320000.0;2.150377;6.001998E-5
4330000.0;2.11796;6.00614E-5
4340000.0;2.085142;6.010281E-5
4350000.0;2.052579;6.014423E-5
4360000.0;2.020713;6.018564E-5
4370000.0;1.989822;6.022706E-5
4380000.0;1.960067;6.026847E-5
4390000.0;1.931523;6.030989E-5
4400000.0;1.904213;6.03513E-5
4410000.0;1.87812;6.039272E-5
4420000.0;1.853204;6.043413E-5
4430000.0;1.82941;6.047555E-5
4440000.0;1.806676;6.051696E-5
4450000.0;1.784939;6.055838E-5
4460000.0;1.764132;6.059979E-5
4470000.0;1.744194;6.064121E-5
4480000.0;1.725063;6.068262E-5
4490000.0;1.706683;6.072404E-5
4500000.0;1.689;6.076545E-5
4510000.0;1.671965;6.080772E-5
4520000.0;1.655533;6.084999E-5
4530000.0;1.63966;6.089226E-5
4540000.0;1.624309;6.093454E-5
4550000.0;1.609444;6.097681E-5
4560000.0;1.59503;6.101908E-5
4570000.0;1.581039;6.106135E-5
4580000.0;1.567441;6.110362E-5
4590000.0;1.554212;6.114589E-5
4600000.0;1.541326;6.118816E-5
4610000.0;1.528761;6.123044E-5
4620000.0;1.516498;6.127271E-5
4630000.0;1.504515;6.131498E-5
4640000.0;1.492795;6.135725E-5
4650000.0;1.48132;6.139952E-5
4660000.0;1.470074;6.144179E-5
4670000.0;1.45904;6.148406E-5
4680000.0;1.448203;6.152634E-5
4690000.0;1.437547;6.156861E-5
4700000.0;1.427058;6.161088E-5
4710000.0;1.416718;6.165315E-5
4720000.0;1.406512;6.169542E-5
4730000.0;1.396422;6.173769E-5
4740000.0;1.386425;6.177996E-5
4750000.0;1.376498;6.182224E-5
4760000.0;1.366609;6.186451E-5
4770000.0;1.356715;6.190678E-5
4780000.0;1.34675;6.194905E-5
4790000.0;1.336596;6.199132E-5
4800000.0;1.325991;6.203359E-5
4812998.0;1.307322;6.208854E-5
4813000.0;1.307319;6.208854E-5
4820000.0;1.298094;6.211813E-5
4830000.0;1.288567;6.216041E-5
4840000.0;1.279821;6.220268E-5
4850000.0;1.271509;6.224495E-5
4860000.0;1.263514;6.228722E-5
4870000.0;1.255786;6.232949E-5
4880000.0;1.24831;6.237176E-5
4890000.0;1.241108;6.241403E-5
4900000.0;1.234292;6.245631E-5
4902000.0;1.232999;6.246476E-5
4904000.0;1.231742;6.247321E-5
4906000.0;1.230526;6.248167E-5
4908000.0;1.229365;6.249012E-5
4910000.0;1.228272;6.249858E-5
4912000.0;1.227271;6.250703E-5
4914000.0;1.226394;6.251549E-5
4916000.0;1.225691;6.252394E-5
4918000.0;1.225241;6.253239E-5
4920000.0;1.225174;6.254085E-5
4922000.0;1.225718;6.25493E-5
4924000.0;1.2273;6.255776E-5
4926000.0;1.230797;6.256621E-5
4928000.0;1.238241;6.257467E-5
4930000.0;1.255259;6.258312E-5
4931000.0;1.272264;6.258735E-5
4932000.0;1.302392;6.259157E-5
4933000.0;1.362221;6.25958E-5
4934000.0;1.504136;6.260003E-5
4935000.0;1.952243;6.260426E-5
4935500.0;2.566423;6.260637E-5
4936000.0;3.710312;6.260848E-5
4936500.0;4.229368;6.26106E-5
4937000.0;3.107242;6.261271E-5
4937500.0;2.225496;6.261482E-5
4938000.0;1.797206;6.261694E-5
4938500.0;1.582726;6.261905E-5
4939000.0;1.464535;6.262116E-5
4939500.0;1.393546;6.262328E-5
4940000.0;1.347857;6.262539E-5
4941000.0;1.294722;6.262962E-5
4942000.0;1.266126;6.263385E-5
4943000.0;1.248877;6.263807E-5
4944000.0;1.237572;6.26423E-5
4946000.0;1.223869;6.265075E-5
4948000.0;1.215885;6.265921E-5
4950000.0;1.210565;6.266766E-5
4952000.0;1.206656;6.267612E-5
4954000.0;1.203565;6.268457E-5
4956000.0;1.20098;6.269303E-5
4958000.0;1.198728;6.270148E-5
4960000.0;1.196704;6.270993E-5
4962000.0;1.194841;6.271839E-5
4964000.0;1.193097;6.272684E-5
4966000.0;1.191442;6.27353E-5
4968000.0;1.189855;6.274375E-5
4970000.0;1.188321;6.275221E-5
4972000.0;1.186831;6.276066E-5
4974000.0;1.185376;6.276911E-5
4976000.0;1.183949;6.277757E-5
4978000.0;1.182547;6.278602E-5
4980000.0;1.181165;6.279448E-5
4982000.0;1.179801;6.280293E-5
4984000.0;1.178452;6.281139E-5
4986000.0;1.177117;6.281984E-5
4988000.0;1.175793;6.282829E-5
4990000.0;1.17448;6.283675E-5
4992000.0;1.173177;6.28452E-5
4994000.0;1.171882;6.285366E-5
4996000.0;1.170595;6.286211E-5
4998000.0;1.169315;6.287057E-5
5000000.0;1.168042;6.287902E-5
5010000.0;1.161762;6.293745E-5
5020000.0;1.155599;6.299587E-5
5030000.0;1.149528;6.30543E-5
5040000.0;1.143535;6.311272E-5
5050000.0;1.137609;6.317115E-5
5060000.0;1.13174;6.322957E-5
5070000.0;1.125923;6.3288E-5
5080000.0;1.120151;6.334643E-5
5090000.0;1.114417;6.340485E-5
5100000.0;1.108715;6.346328E-5
5110000.0;1.103041;6.35217E-5
5120000.0;1.097387;6.358013E-5
5130000.0;1.091747;6.363856E-5
5140000.0;1.086115;6.369698E-5
5150000.0;1.080482;6.375541E-5
5160000.0;1.074843;6.381383E-5
5170000.0;1.069187;6.387226E-5
5180000.0;1.063505;6.393068E-5
5190000.0;1.057787;6.398911E-5
5200000.0;1.052023;6.404754E-5
5210000.0;1.046201;6.410596E-5
5220000.0;1.040308;6.416439E-5
5230000.0;1.034335;6.422281E-5
5240000.0;1.028271;6.428124E-5
5250000.0;1.022116;6.433967E-5
5260000.0;1.015884;6.439809E-5
5270000.0;1.009621;6.445652E-5
5280000.0;1.003445;6.451494E-5
5290000.0;0.9976274;6.457337E-5
5300000.0;0.9928004;6.463179E-5
5305000.0;0.9911699;6.466101E-5
5310000.0;0.9904852;6.469022E-5
5315000.0;0.9913192;6.471943E-5
5320000.0;0.9946352;6.474865E-5
5325000.0;1.002107;6.477786E-5
5330000.0;1.016753;6.480707E-5
5335000.0;1.044233;6.483628E-5
5340000.0;1.09552;6.48655E-5
5342000.0;1.126971;6.487718E-5
5344000.0;1.167494;6.488887E-5
5346000.0;1.219621;6.490055E-5
5348000.0;1.286285;6.491224E-5
5350000.0;1.370428;6.492392E-5
5352000.0;1.474017;6.493561E-5
5354000.0;1.596131;6.494729E-5
5356000.0;1.730193;6.495898E-5
5358000.0;1.861721;6.497066E-5
5360000.0;1.96973;6.498235E-5
5362000.0;2.034162;6.499403E-5
5364000.0;2.045789;6.500572E-5
5366000.0;2.010189;6.50174E-5
5368000.0;1.942608;6.502909E-5
5370000.0;1.859544;6.504077E-5
5372000.0;1.773465;6.505246E-5
5375000.0;1.653703;6.506999E-5
5380000.0;1.495975;6.50992E-5
5385000.0;1.385629;6.512841E-5
5390000.0;1.308297;6.515763E-5
5395000.0;1.252597;6.518684E-5
5400000.0;1.211158;6.521605E-5
5405000.0;1.179358;6.524526E-5
5410000.0;1.154265;6.527448E-5
5415000.0;1.133974;6.530369E-5
5420000.0;1.117211;6.53329E-5
5425000.0;1.1031;6.536212E-5
5430000.0;1.091025;6.539133E-5
5435000.0;1.080543;6.542054E-5
5440000.0;1.071325;6.544976E-5
5445000.0;1.063128;6.547897E-5
5450000.0;1.055764;6.550818E-5
5460000.0;1.042991;6.556661E-5
5470000.0;1.032179;6.562503E-5
5480000.0;1.022799;6.568346E-5
5490000.0;1.014496;6.574188E-5
5500000.0;1.007025;6.580031E-5
5520000.0;0.993927;6.596064E-5
5540000.0;0.9825938;6.612098E-5
5560000.0;0.9725052;6.628131E-5
5580000.0;0.9633459;6.644165E-5
5600000.0;0.9549153;6.660198E-5
5620000.0;0.9470815;6.676231E-5
5640000.0;0.9397559;6.692265E-5
5660000.0;0.9328783;6.708298E-5
5680000.0;0.9264082;6.724332E-5
5700000.0;0.9203189;6.740365E-5
5720000.0;0.914594;6.756398E-5
5740000.0;0.9092252;6.772432E-5
5760000.0;0.9042105;6.788465E-5
5780000.0;0.8995532;6.804499E-5
5800000.0;0.895261;6.820532E-5
5820000.0;0.891346;6.836565E-5
5840000.0;0.8878241;6.852599E-5
5860000.0;0.8847156;6.868632E-5
5880000.0;0.8820446;6.884666E-5
5900000.0;0.8798406;6.900699E-5
5920000.0;0.878139;6.916732E-5
5940000.0;0.876983;6.932766E-5
5960000.0;0.8764263;6.948799E-5
5980000.0;0.8765369;6.964833E-5
6000000.0;0.8774038;6.980866E-5
6020000.0;0.8791464;7.002898E-5
6040000.0;0.8819296;7.02493E-5
6060000.0;0.8859884;7.046963E-5
6080000.0;0.8916676;7.068995E-5
6100000.0;0.8994901;7.091027E-5
6110000.0;0.9044452;7.102043E-5
6120000.0;0.9102778;7.113059E-5
6130000.0;0.917174;7.124075E-5
6140000.0;0.9253769;7.135091E-5
6150000.0;0.9352092;7.146108E-5
6160000.0;0.9471048;7.157124E-5
6170000.0;0.9616579;7.16814E-5
6180000.0;0.9796974;7.179156E-5
6181416.0;0.9829125;7.180716E-5
6190000.0;1.002403;7.190172E-5
6200000.0;1.031493;7.201188E-5
6210000.0;1.069526;7.212204E-5
6220000.0;1.120408;7.22322E-5
6230000.0;1.190214;7.234236E-5
6240000.0;1.288475;7.245252E-5
6245000.0;1.352598;7.25076E-5
6250000.0;1.429743;7.256269E-5
6252000.0;1.464829;7.258472E-5
6254000.0;1.502585;7.260675E-5
6256000.0;1.543171;7.262878E-5
6258000.0;1.586729;7.265081E-5
6260000.0;1.633366;7.267285E-5
6262000.0;1.683141;7.269488E-5
6264000.0;1.736042;7.271691E-5
6266000.0;1.791952;7.273894E-5
6268000.0;1.850621;7.276097E-5
6270000.0;1.911624;7.278301E-5
6272000.0;1.974317;7.280504E-5
6274000.0;2.037797;7.282707E-5
6276000.0;2.100872;7.28491E-5
6278000.0;2.16204;7.287114E-5
6280000.0;2.219508;7.289317E-5
6282000.0;2.271247;7.29152E-5
6284000.0;2.315105;7.293723E-5
6285000.0;2.332032;7.294825E-5
6286000.0;2.348959;7.295926E-5
6288000.0;2.370924;7.29813E-5
6290000.0;2.379559;7.300333E-5
6291000.0;2.378597;7.301435E-5
6292000.0;2.374056;7.302536E-5
6293000.0;2.365956;7.303638E-5
6294000.0;2.354363;7.304739E-5
6295000.0;2.339393;7.305841E-5
6296000.0;2.321204;7.306943E-5
6297000.0;2.299997;7.308044E-5
6298000.0;2.276004;7.309146E-5
6299000.0;2.249485;7.310247E-5
6300000.0;2.220719;7.311349E-5
6301000.0;2.19;7.312451E-5
6302000.0;2.157625;7.313552E-5
6303000.0;2.123892;7.314654E-5
6304000.0;2.089089;7.315755E-5
6305000.0;2.053497;7.316857E-5
6306000.0;2.017379;7.317959E-5
6308000.0;1.944517;7.320162E-5
6310000.0;1.872204;7.322365E-5
6312000.0;1.801783;7.324568E-5
6314000.0;1.734255;7.326772E-5
6316000.0;1.670312;7.328975E-5
6318000.0;1.610388;7.331178E-5
6320000.0;1.554713;7.333381E-5
6322000.0;1.503358;7.335584E-5
6324000.0;1.456284;7.337788E-5
6326000.0;1.41337;7.339991E-5
6328000.0;1.374439;7.342194E-5
6330000.0;1.339277;7.344397E-5
6332000.0;1.307639;7.346601E-5
6334000.0;1.279246;7.348804E-5
6336000.0;1.253776;7.351007E-5
6338000.0;1.230849;7.35321E-5
6340000.0;1.210011;7.355413E-5
6342000.0;1.19073;7.357617E-5
6344000.0;1.172413;7.35982E-5
6346000.0;1.15447;7.362023E-5
6348000.0;1.13641;7.364226E-5
6350000.0;1.117952;7.36643E-5
6352000.0;1.09908;7.368633E-5
6354000.0;1.080029;7.370836E-5
6356000.0;1.06118;7.373039E-5
6358000.0;1.04294;7.375242E-5
6360000.0;1.025639;7.377446E-5
6362000.0;1.009491;7.379649E-5
6365000.0;0.9876158;7.382954E-5
6370000.0;0.9571713;7.388462E-5
6375000.0;0.9330291;7.39397E-5
6380000.0;0.9136702;7.399478E-5
6385000.0;0.8978787;7.404986E-5
6390000.0;0.8847758;7.410494E-5
6395000.0;0.8737366;7.416002E-5
6400000.0;0.8643125;7.42151E-5
6410000.0;0.8490748;7.432526E-5
6420000.0;0.8372793;7.443542E-5
6430000.0;0.8278524;7.454558E-5
6440000.0;0.8215407;7.465574E-5
6450000.0;0.8222897;7.476591E-5
6460000.0;0.8253194;7.487607E-5
6470000.0;0.8280922;7.498623E-5
6490000.0;0.8303902;7.520655E-5
6500000.0;0.8173893;7.531671E-5
6510000.0;0.8043883;7.548985E-5
6540000.0;0.7057853;7.600926E-5
6553000.0;0.631754;7.623434E-5
6560000.0;0.5908833;7.635553E-5
6570000.0;0.5304422;7.652867E-5
6580000.0;0.5013212;7.670181E-5
6590000.0;0.5050101;7.687495E-5
6600000.0;0.514009;7.704808E-5
6620000.0;0.5769369;7.739436E-5
6640000.0;0.5919048;7.774063E-5
6658000.0;0.7369228;7.805228E-5
6665000.0;0.6824821;7.817348E-5
6670000.0;0.6701116;7.826005E-5
6680000.0;0.6613505;7.843318E-5
6700000.0;0.6555384;7.877946E-5
6750000.0;0.6499931;7.964515E-5
6810000.0;0.6457667;8.068397E-5
6920000.0;0.606045;8.258848E-5
7000000.0;0.5736164;8.397358E-5
7053000.0;0.5726208;8.56217E-5
7100000.0;0.5691353;8.708324E-5
7140000.0;0.5828107;8.83271E-5
7180000.0;0.602546;8.957097E-5
7200000.0;0.6398751;9.01929E-5
7220000.0;0.6678271;9.081483E-5
7225000.0;0.6763279;9.097032E-5
7250000.0;0.7467458;9.174773E-5
7270000.0;0.8226378;9.236966E-5
7280000.0;0.8841454;9.268063E-5
7340000.0;1.332045;9.454642E-5
7350000.0;1.429922;9.485739E-5
7360000.0;1.422168;9.516836E-5
7370000.0;1.46397;9.547932E-5
7400000.0;1.413788;9.641222E-5
7420000.0;1.397957;9.703415E-5
7470000.0;1.37137;9.858898E-5
7529000.0;1.378162;1.004237E-4
7542000.0;1.363398;1.008279E-4
7553000.0;1.355141;1.0117E-4
7594000.0;1.337997;1.020499E-4
7620000.0;1.326286;1.026078E-4
7650000.0;1.337031;1.032516E-4
7667000.0;1.390861;1.036164E-4
7680000.0;1.414839;1.038954E-4
7698000.0;1.525053;1.042817E-4
7700000.0;1.529955;1.043246E-4
7725000.0;1.798866;1.048611E-4
7745000.0;1.987272;1.052903E-4
7750000.0;1.954229;1.053976E-4
7770000.0;1.823504;1.058268E-4
7789000.0;1.683315;1.062346E-4
7810000.0;1.580566;1.066852E-4
7819000.0;1.582205;1.068784E-4
7860000.0;1.52173;1.077582E-4
7886400.0;1.492688;1.083248E-4
7886672.0;1.489575;1.083306E-4
7888000.0;1.474376;1.083591E-4
7897000.0;1.471598;1.085522E-4
7930000.0;1.431961;1.092604E-4
7936000.0;1.409819;1.093892E-4
8000000.0;1.350856;1.107626E-4
8005000.0;1.354554;1.108699E-4
8010000.0;1.30527;1.109772E-4
8014000.0;1.334019;1.110631E-4
8044000.0;1.297253;1.117069E-4
8053000.0;1.330648;1.119E-4
8079000.0;1.322818;1.121262E-4
8080000.0;1.314708;1.121349E-4
8100000.0;1.317188;1.123089E-4
8101000.0;1.331878;1.123176E-4
8105000.0;1.318278;1.123524E-4
8109000.0;1.299968;1.123872E-4
8120000.0;1.281957;1.124829E-4
8131000.0;1.248037;1.125786E-4
8138000.0;1.233027;1.126395E-4
8160000.0;1.156197;1.128309E-4
8166000.0;1.115987;1.128831E-4
8200000.0;0.9730368;1.131789E-4
8210000.0;0.9490267;1.132659E-4
8218000.0;0.9418167;1.133355E-4
8240000.0;0.9209765;1.135269E-4
8280000.0;0.8771261;1.138749E-4
8295800.0;0.860696;1.140124E-4
8296200.0;0.856596;1.140158E-4
8296454.0;0.8565362;1.14018E-4
8320000.0;0.8509958;1.142229E-4
8330000.0;0.8374157;1.143099E-4
8391000.0;0.8025752;1.148406E-4
8400000.0;0.7975151;1.149189E-4
8426000.0;0.8001749;1.151451E-4
8448000.0;0.7856947;1.153365E-4
8450000.0;0.7715646;1.153539E-4
8480000.0;0.7762444;1.156149E-4
8499500.0;0.7571142;1.157846E-4
8500000.0;0.7491042;1.157889E-4
8520000.0;0.757164;1.159629E-4
8553000.0;0.7394138;1.1625E-4
8600000.0;0.7552142;1.158157E-4
8611000.0;0.7563343;1.157141E-4
8664000.0;0.7480348;1.152244E-4
8700000.0;0.7451351;1.148917E-4
8708000.0;0.7371952;1.148178E-4
8750000.0;0.7181856;1.144297E-4
8768000.0;0.7160857;1.142634E-4
8800000.0;0.706846;1.139677E-4
8833000.0;0.6889963;1.136628E-4
8850000.0;0.6772065;1.135057E-4
8885000.0;0.6683168;1.131823E-4
8920000.0;0.6382271;1.128589E-4
8940000.0;0.6376873;1.126741E-4
8980000.0;0.6329177;1.123045E-4
9000000.0;0.6306779;1.121197E-4
9005000.0;0.6443879;1.120735E-4
9020000.0;0.6425181;1.119349E-4
9030000.0;0.6504482;1.118425E-4
9045000.0;0.6536783;1.117039E-4
9053000.0;0.6692384;1.1163E-4
9067000.0;0.6683888;1.112129E-4
9080000.0;0.6856592;1.108256E-4
9149000.0;0.7233312;1.087698E-4
9163000.0;0.7367917;1.083527E-4
9180000.0;0.7352822;1.078462E-4
9219000.0;0.7314933;1.066842E-4
9250000.0;0.7246442;1.057606E-4
9254000.0;0.7333744;1.056414E-4
9300000.0;0.7169557;1.042709E-4
9360000.0;0.6995975;1.024832E-4
9400000.0;0.6813887;1.012915E-4
9450000.0;0.6715002;9.980178E-5
9500000.0;0.6693117;9.831208E-5
9522000.0;0.6697323;9.765661E-5
9553000.0;0.6644933;9.6733E-5
9560000.0;0.6691734;9.661028E-5
9590000.0;0.6710539;9.608432E-5
9600000.0;0.6714841;9.5909E-5
9630000.0;0.6801646;9.538304E-5
9640000.0;0.6874948;9.520772E-5
9678000.0;0.6856355;9.45415E-5
9680000.0;0.6844055;9.450644E-5
9692000.0;0.6829957;9.429605E-5
9700000.0;0.6854558;9.41558E-5
9726000.0;0.6703063;9.369996E-5
9740000.0;0.6762665;9.345452E-5
9750000.0;0.6695867;9.32792E-5
9800000.0;0.6845276;9.24026E-5
9821000.0;0.683768;9.203442E-5
9830000.0;0.6863081;9.187664E-5
9868000.0;0.6787488;9.121042E-5
9900000.0;0.6717994;9.06494E-5
9917000.0;0.6742096;9.035135E-5
9921000.0;0.6675397;9.028122E-5
1.0E7;0.6567711;8.88962E-5
1.005E7;0.643412;8.80196E-5
1.0053E7;0.636882;8.7967E-5
1.017E7;0.6420644;8.559447E-5
1.025E7;0.634386;8.397223E-5
1.03E7;0.628637;8.295833E-5
1.0372E7;0.6350785;8.149832E-5
1.04E7;0.6433191;8.093053E-5
1.0448E7;0.66502;7.995719E-5
1.044836E7;0.6651773;7.994989E-5
1.0478E7;0.6781307;7.934885E-5
1.05E7;0.6909111;7.890273E-5
1.0506E7;0.6909012;7.878107E-5
1.0536E7;0.7017418;7.817273E-5
1.055E7;0.6982821;7.788883E-5
1.0553E7;0.7084822;7.7828E-5
1.062E7;0.7254834;7.663285E-5
1.069E7;0.7508846;7.538419E-5
1.07E7;0.7526048;7.520581E-5
1.075E7;0.7861757;7.431391E-5
1.08E7;0.8128466;7.342201E-5
1.083E7;0.8325971;7.288687E-5
1.09E7;0.8733984;7.163821E-5
1.094E7;0.8874491;7.092469E-5
1.1E7;0.8621401;6.985441E-5
1.1004E7;0.8562302;6.978306E-5
1.1053E7;0.8669211;6.8909E-5
1.1096E7;0.8635915;6.846008E-5
1.11E7;0.8685816;6.841832E-5
1.1166E7;0.8852923;6.772928E-5
1.117E7;0.8868723;6.768752E-5
1.125E7;0.8755831;6.685232E-5
1.13E7;0.8730537;6.633032E-5
1.14E7;0.8727947;6.528632E-5
1.15E7;0.8644358;6.424232E-5
1.1553E7;0.8514563;6.3689E-5
1.1708E7;0.8384571;6.285014E-5
1.170806E7;0.8384786;6.284982E-5
1.175E7;0.8534774;6.262284E-5
1.1751E7;0.8485974;6.261742E-5
1.18E7;0.8577876;6.235224E-5
1.1828E7;0.8700678;6.22007E-5
1.19E7;0.9048182;6.181104E-5
1.1909E7;0.9008382;6.176233E-5
1.1917E7;0.9126283;6.171903E-5
1.2E7;0.8994487;6.126984E-5
1.205E7;0.909919;6.099924E-5
1.2053E7;0.913379;6.0983E-5
1.2088E7;0.9103387;6.131046E-5
1.21E7;0.9109886;6.142273E-5
1.2196E7;0.8718877;6.232091E-5
1.2224E7;0.8650374;6.258288E-5
1.225E7;0.8612072;6.282613E-5
1.23E7;0.8484767;6.329393E-5
1.24E7;0.8392258;6.422953E-5
1.25E7;0.8560648;6.516513E-5
1.2553E7;0.8641743;6.5661E-5
1.2599E7;0.8697535;6.653951E-5
1.27E7;0.8872515;6.846841E-5
1.2738E7;0.8895008;6.919413E-5
1.2792E7;0.9067198;7.022542E-5
1.279214E7;0.9067363;7.02281E-5
1.29E7;0.9194677;7.228801E-5
1.299E7;0.943646;7.400683E-5
1.3E7;0.9419758;7.419781E-5
1.3053E7;0.9368348;7.521E-5
1.31E7;0.936023;7.701424E-5
1.312E7;0.9356122;7.7782E-5
1.325E7;0.9248772;8.277244E-5
1.328E7;0.9145161;8.392408E-5
1.33E7;0.9156053;8.469184E-5
1.35E7;0.9052876;9.236944E-5
1.354E7;0.9100961;9.390496E-5
1.3553E7;0.9094356;9.4404E-5
1.3587E7;0.909454;9.602213E-5
1.3646E7;0.8955912;9.883006E-5
1.37E7;0.8891086;1.014E-4
1.3767E7;0.8808754;1.045887E-4
1.376781E7;0.8805684;1.046272E-4
1.3822E7;0.8600328;1.072062E-4
1.383E7;0.8597924;1.07587E-4
1.3965E7;0.841346;1.140119E-4
1.4E7;0.8192143;1.156776E-4
1.4053E7;0.8249418;1.182E-4
1.4182E7;0.8314564;1.236309E-4
1.425E7;0.8372635;1.264937E-4
1.4364E7;0.8302987;1.312931E-4
1.4419E7;0.8243664;1.336086E-4
1.4472E7;0.8378942;1.358399E-4
1.45E7;0.8434431;1.370187E-4
1.4553E7;0.8538047;1.3925E-4
1.4566E7;0.8545981;1.398828E-4
1.4653E7;0.8801097;1.44118E-4
1.4694E7;0.8945456;1.461139E-4
1.475E7;0.8989307;1.4884E-4
1.4767E7;0.8973459;1.496675E-4
1.4807E7;0.9021438;1.516147E-4
1.4812E7;0.9039936;1.518581E-4
1.4837E7;0.9075423;1.530751E-4
1.4863E7;0.911329;1.543408E-4
1.4887E7;0.9133517;1.555091E-4
1.4888E7;0.9133777;1.555578E-4
1.4892E7;0.9190995;1.557525E-4
1.4906E7;0.9213208;1.56434E-4
1.4909E7;0.9219146;1.565801E-4
1.4927E7;0.9198577;1.574563E-4
1.4954E7;0.9193623;1.587707E-4
1.4962E7;0.9188059;1.591601E-4
1.4996E7;0.9230262;1.608152E-4
1.5E7;0.917548;1.6101E-4
1.5006E7;0.9194399;1.61302E-4
1.5045E7;0.9285723;1.632006E-4
1.5053E7;0.9321515;1.6359E-4
1.5093E7;0.9415881;1.650268E-4
1.5248E7;0.9588161;1.705944E-4
1.5263E7;0.958981;1.711332E-4
1.526383E7;0.9590995;1.71163E-4
1.5448E7;0.9853929;1.777784E-4
1.5477E7;0.9866832;1.788201E-4
1.55E7;0.9888609;1.796462E-4
1.5553E7;0.993887;1.8155E-4
1.5731E7;1.006293;1.869861E-4
1.5966E7;1.025478;1.94163E-4
1.597E7;1.031307;1.942852E-4
1.599E7;1.028462;1.94896E-4
1.6E7;1.033794;1.952014E-4
1.6053E7;1.018894;1.9682E-4
1.6068E7;1.016618;1.971299E-4
1.6256E7;0.9836825;2.01014E-4
1.6347E7;0.9550681;2.02894E-4
1.634791E7;0.9550452;2.029128E-4
1.6443E7;0.9526551;2.048774E-4
1.65E7;0.9489244;2.06055E-4
1.6532E7;0.9469205;2.067161E-4
1.6553E7;0.9429946;2.0715E-4
1.6695E7;0.9195066;2.076839E-4
1.682E7;0.9085254;2.081539E-4
1.6824E7;0.9073067;2.08169E-4
1.6974E7;0.8965813;2.08733E-4
1.7E7;0.8966591;2.088307E-4
1.7053E7;0.8967873;2.0903E-4
1.7074E7;0.899245;2.088166E-4
1.7138E7;0.8872509;2.081664E-4
1.7298E7;0.8709475;2.065408E-4
1.729865E7;0.870901;2.065342E-4
1.73E7;0.8708043;2.065205E-4
1.7301E7;0.8852461;2.065103E-4
1.7431E7;0.8758659;2.051895E-4
1.743199E7;0.875796;2.051795E-4
1.7467E7;0.8733252;2.048238E-4
1.75E7;0.8759863;2.044885E-4
1.7553E7;0.8803935;2.0395E-4
1.7616E7;0.8873125;2.030189E-4
1.7687E7;0.8896514;2.019695E-4
1.79E7;0.9059481;1.988213E-4
1.7901E7;0.908697;1.988066E-4
1.8E7;0.9175296;1.973433E-4
1.8053E7;0.9295115;1.9656E-4
1.8087E7;0.9234012;1.964512E-4
1.8158E7;0.9357982;1.96224E-4
1.8273E7;0.9289137;1.95856E-4
1.846E7;0.922802;1.952576E-4
1.85E7;0.9303026;1.951296E-4
1.8516E7;0.9333388;1.950784E-4
1.851607E7;0.9333467;1.950782E-4
1.8553E7;0.9375123;1.9496E-4
1.8632E7;0.9463497;1.952428E-4
1.87E7;0.9528459;1.954863E-4
1.8833E7;0.956963;1.959624E-4
1.9E7;0.969028;1.965603E-4
1.903E7;0.971203;1.966677E-4
1.9034E7;0.9713274;1.96682E-4
1.9053E7;0.9731419;1.9675E-4
1.9185E7;0.9777384;1.992765E-4
1.9346E7;0.9801549;2.02358E-4
1.95E7;0.9810585;2.053056E-4
1.9511E7;0.9814346;2.055161E-4
1.9553E7;0.98185;2.0632E-4
1.96E7;0.9795329;2.068405E-4
1.960015E7;0.9795378;2.068421E-4
1.9661E7;0.9815434;2.07516E-4
1.9794E7;0.9857386;2.089888E-4
1.9892E7;0.9915297;2.10074E-4
1.999999E7;0.9807171;2.112699E-4
2.000001E7;1.016;0.0
2.029547E7;1.002006;0.0
2.1E7;0.937;0.0
2.2E7;0.917;0.0
2.3E7;0.922;0.0
2.4E7;0.937;0.0
2.427894E7;0.9341339;0.0
2.448686E7;0.9289493;0.0
2.5E7;0.918;0.0
2.6E7;0.9123759;0.0
2.7E7;0.904;0.0
2.705867E7;0.9031742;0.0
2.730389E7;0.8996533;0.0
2.8E7;0.8893803;0.0
2.847293E7;0.8825203;0.0
2.892336E7;0.8760924;0.0
2.9E7;0.8750014;0.0
3.0E7;0.861;0.0
3.1E7;0.8475646;0.0
3.2E7;0.8346897;0.0
3.213834E7;0.8329466;0.0
3.3E7;0.8222163;0.0
3.4E7;0.8100199;0.0
3.451838E7;0.8037855;0.0
3.5E7;0.798;0.0
3.509196E7;0.7968911;0.0
3.6E7;0.7852692;0.0
3.7E7;0.771412;0.0
3.8E7;0.7569679;0.0
3.9E7;0.7423791;0.0
4.0E7;0.728;0.0
4.1E7;0.7140548;0.0
4.2E7;0.7005317;0.0
4.3E7;0.687382;0.0
4.4E7;0.6745635;0.0
4.5E7;0.6620427;0.0
4.6E7;0.6497897;0.0
4.7E7;0.637778;0.0
4.8E7;0.6259875;0.0
4.9E7;0.6143998;0.0
5.0E7;0.603;0.0
5.1E7;0.5918521;0.0
5.2E7;0.5810179;0.0
5.3E7;0.5704819;0.0
5.4E7;0.5602297;0.0
5.5E7;0.5502482;0.0
5.6E7;0.540525;0.0
5.658661E7;0.534937;0.0
5.7E7;0.5310488;0.0
5.75937E7;0.5255354;0.0
5.8E7;0.521809;0.0
5.9E7;0.5127958;0.0
6.0E7;0.504;0.0
6.1E7;0.495432;0.0
6.2E7;0.4871018;0.0
6.3E7;0.4789999;0.0
6.4E7;0.4711178;0.0
6.5E7;0.4634471;0.0
6.6E7;0.4559799;0.0
6.7E7;0.4487085;0.0
6.8E7;0.441626;0.0
6.9E7;0.4347253;0.0
7.0E7;0.428;0.0
7.1E7;0.4214123;0.0
7.2E7;0.4149361;0.0
7.3E7;0.4085808;0.0
7.4E7;0.4023547;0.0
7.5E7;0.3962644;0.0
7.6E7;0.3903152;0.0
7.7E7;0.3845113;0.0
7.8E7;0.3788561;0.0
7.9E7;0.3733518;0.0
8.0E7;0.368;0.0
8.1E7;0.3627562;0.0
8.2E7;0.3575672;0.0
8.3E7;0.3524222;0.0
8.4E7;0.347312;0.0
8.5E7;0.3422283;0.0
8.6E7;0.3371643;0.0
8.7E7;0.3321139;0.0
8.8E7;0.3270724;0.0
8.9E7;0.3220355;0.0
9.0E7;0.317;0.0
9.1E7;0.3118312;0.0
9.2E7;0.3064431;0.0
9.3E7;0.3009011;0.0
9.4E7;0.2952642;0.0
9.5E7;0.289585;0.0
9.6E7;0.2839101;0.0
9.7E7;0.2782807;0.0
9.8E7;0.2727326;0.0
9.9E7;0.2672968;0.0
1.0E8;0.262;0.0
1.02E8;0.2514836;0.0
1.04E8;0.2411081;0.0
1.06E8;0.2312362;0.0
1.08E8;0.2221358;0.0
1.1E8;0.214;0.0
1.12E8;0.2071318;0.0
1.14E8;0.2012542;0.0
1.16E8;0.1957531;0.0
1.18E8;0.1901329;0.0
1.2E8;0.184;0.0
1.22E8;0.177652;0.0
1.24E8;0.1715914;0.0
1.26E8;0.1658045;0.0
1.28E8;0.1602782;0.0
1.3E8;0.155;0.0
1.32E8;0.1499682;0.0
1.34E8;0.145173;0.0
1.36E8;0.1405924;0.0
1.38E8;0.1362071;0.0
1.4E8;0.132;0.0
1.42E8;0.1279372;0.0
1.44E8;0.1240005;0.0
1.46E8;0.1201961;0.0
1.48E8;0.1165283;0.0
1.5E8;0.113;0.0
